question,answer,contexts,contexts_ids,ground_truth,goldPassages
What is the implication of histone lysine methylation in medulloblastoma?,The implication of histone lysine methylation in medulloblastoma is that defective control of the histone code contributes to carcinogenesis.,"Context: Recent studies showed frequent mutations in histone H3 lysine 27 (H3K27)  demethylases in medulloblastomas of Group 3 and Group 4, suggesting a role for  H3K27 methylation in these tumors. Indeed, trimethylated H3K27 (H3K27me3) levels, Context: Copy number aberrations of genes with critical roles in writing, reading,  removing and blocking the state of histone lysine methylation, particularly at  H3K9, suggest that defective control of the histone code contributes to the, Context: determination of stem cell fates and has been implicated in carcinogenesis.  Consistent with our genetic data, restoration of expression of genes controlling  H3K9 methylation greatly diminishes proliferation of medulloblastoma in vitro., Context: concordant methylation phenotype in this disease. We conclude that epigenetic  TSG inactivation is a significant feature of medulloblastoma, and identify  RASSF1A, HIC1 and CASP8 as potentially critical genes in its pathogenesis.","23179372, 19270706, 19270706, 14688019","Aberrant patterns of H3K4, H3K9, and H3K27 histone lysine methylation were shown to result in histone code alterations, which induce changes in gene expression, and affect the proliferation rate of cells in medulloblastoma.","23179372, 19270706, 23184418"
What is the role of STAG1/STAG2 proteins in differentiation?,I don't know the answer.,"Context: with inactivating alterations of STAG2., Context: and what outcome each type of regulation of Notch signaling leads to. We  highlight the role of Notch signaling in proliferation and differentiation of  neural progenitor cells., Context: remain neural progenitor cells. Thus, differentiation of neurons and maintenance  of neural progenitor cells are well balanced owing to Notch signaling. Recent  studies revealed that Notch signaling is under the control of more complex and, Context: proliferation. We further confirmed the synthetic lethal interaction developing  a vector-free CRISPR system to induce STAG1/STAG2 double gene knockout. We  provide strong evidence that STAG1 is a promising therapeutic target in cancers","28430577, 19783418, 19783418, 28430577",STAG1/STAG2 proteins are tumour suppressor proteins that suppress cell proliferation and are essential for differentiation.,"26997282, 21589869, 19822671, 29867216, 15361841, 28430577, 27298259, 12034751, 18276799"
What is the association between cell phone use and glioblastoma?,No significant association was found. The results were similar for mobile and cordless phones.,"Context: results were similar for mobile and cordless phones. CONCLUSIONS: Decreased survival of glioma cases with long-term and high  cumulative use of wireless phones was found. A survival disadvantage for, Context: frequent anatomic location was the frontal lobe. 46.5% of the patients  originated from the low, 25% from the middle and 28.5% from the high  socioeconomic class. There was no significant association between glioma and, Context: and glioblastoma (GBM) at 5.73/10(5)/year and 3.69/10(5)/year, respectively. A  male to female ratio of 1.25 was obtained in the GBM group. IRs of glioma and  GBM for both males and females were higher in the age group 60-79. The most, Context: RESULTS: Regular cell phone use was not associated with an increased risk of  neuroma (OR=0,92; 95% confidence interval=[0.53-1.59]), meningioma (OR=0,74; 95%  confidence interval=[0.43-1.28]) or glioma (OR=1.15; 95% confidence","23095687, 19494549, 19494549, 17851009","The association between cell phone use and incident glioblastoma remains unclear. Some studies have reported that cell phone use was associated with incident glioblastoma, and with reduced survival of patients diagnosed with glioblastoma. However, other studies have repeatedly replicated to find an association between cell phone use and glioblastoma.","20215713, 17851009, 22882019, 12527940, 24348390, 19126439, 23095687, 14648713, 19261451, 17902192, 16804530, 18941554, 23261330, 10375602, 19494549, 24064953, 16570042"
What is the applicability of the No Promoter Left Behind method?,The No Promoter Left Behind (NPLB) method is applicable for library preparation methods for successful data acquisition by RNA-seq. It offers an ideal tool for plant research as many developmental processes involve cell wall-related and mechanical signaling pathways.,"Context: library preparation methods for successful data acquisition by RNA-seq. TRAP  offers an ideal tool for plant research as many developmental processes involve  cell wall-related and mechanical signaling pathways. The use of promoters to, Context: also at https://github.com/computationalBiology/NPLB/ (Mac OSX/Linux). CONTACT: l.narlikar@ncl.res.in SUPPLEMENTARY INFORMATION: Supplementary data are available at Bioinformatics  online., Context: Promoters have diverse regulatory architectures and thus activate genes  differently. For example, some have a TATA-box, many others do not. Even the  ones with it can differ in its position relative to the transcription start site, Context: replication, their tight mutants are unable to enter S phase. This is the case  for dpb11-iAID and mcm10-iAID cells after the addition of tetracycline and  auxin. Both the 'Tet-OFF' promoter and the AID system have been shown to work in","32478741, 26530723, 26530723, 26081484","No Promoter Left Behind (NPLB) is an efficient, organism-independent method for characterizing promoter architectures directly from experimentally identified genome-wide TSSs, without relying on known promoter elements.",26530723
Does the Oncotype DX test work with paraffin embedded tissues?,Yes. The context mentions that the Oncotype-DX Colon Cancer Assay is used with fixed paraffin embedded (FPE) primary colon tumor samples.,"Context: biomarker for 88.4% of the clinical samples. The success rates decreased and  tissue consumption increased with testing of additional biomarkers.  Investigational Oncomine Dx Target Tests were permitted 1 tissue slide each and, Context: associated with tumour proliferation and invasion, as well as other genes  related to HER-2/neu expression, ER expression, and progesterone receptor (PR)  expression. RESEARCH QUESTIONS: What is the laboratory performance of Oncotype-DX?How, Context: BACKGROUND: The Oncotype DX Colon Cancer Assay is a new diagnostic test for  determining the likelihood of recurrence in stage II colon cancer patients after  surgical resection using fixed paraffin embedded (FPE) primary colon tumor, Context: a moderate failure rate of Oncotype-DX testing; however, the failure rate  observed across clinical trials included in this review is likely inflated; the  current Ontario experience suggests an acceptably lower rate of test failure.In","30243889, 23074401, 21176237, 23074401","Yes, the Oncotype DX test works with paraffin embedded tissue.","23074401, 17039265, 18922117, 17463177, 16361546, 17140367"
Which disease of the central nervous system is characterized by the presence of Lewy bodies?,"Parkinson's disease.   The context mentions that Parkinson's disease (PD) and related Lewy body diseases are characterized by deposition of α-synuclein aggregates in both the central nervous system and peripheral nervous system, with Lewy bodies also occurring","Context: accompanied by subcortical multisystem degeneration with neuronal loss and  gliosis with or without Alzheimer pathologic state. Lewy bodies also occur in  numerous other disorders, including pure autonomic failure, neuroaxonal, Context: Parkinson's disease (PD) and related Lewy body diseases are characterized by  deposition of α-synuclein aggregates in both the central nervous system and  peripheral nervous system. Synucleinopathy lesions spread to larger brain areas, Context: PD, and its presence in Lewy bodies has attracted much attention as to whether  LRRK2 and α-synuclein interplay during the pathogenesis of PD. However, the  relationship between these two crucial proteins still remains unclear. In this, Context: Pathological studies have also individualized a new disorder characterized by  the presence of numerous Lewy bodies throughout the cerebral cortex and the  brainstem: Lewy body disease. The clinical syndrome associates dementia,","14502650, 24465140, 24465140, 1534893",Parkinson s disease (PD) is one of the most common degenerative disorders of the central nervous system that produces motor and non-motor symptoms. The majority of cases are idiopathic and characterized by the presence of Lewy bodies containing fibrillar α-synuclein  ,"25514659, 20174468, 23587141, 2085926, 23281786, 22251432, 19155272, 23531432, 24095115, 22355263, 1534893, 10986355, 24465140, 23225525, 19877240, 23979994, 24291999"
The NoSAS Score can be used for screening of which disorders?,"Sleep Disorders (SDB), specifically Obstructive Sleep Apnea (OSA) and other sleep clinical population.","Context: is necessary to further evaluate the diagnostic value of NoSAS score., Context: Lausanne, Switzerland, who had a clinical assessment and polysomnography at  home, to build a clinical score (the NoSAS score) using multiple factor analysis  and logistic regression to identify people likely to have clinically significant, Context: sleep clinical population in Turkey. Not only in moderate to severe SDB but also  in mild SDB, the NoSAS score performed better than the other 3 screening tools., Context: OSA was 0.538 and 0.624, respectively. The sensitivity and specificity of NoSAS  combined with improved Mallampati grading for screening OSA were 0.813 and  0.710, respectively. Conclusion:As a new screening tool, NoSAS questionnaire is","29518851, 27321086, 32967411, 32842224","The NoSAS score can be used for screening of obstructive sleep apnea syndrome, Sleep-Disordered Breathing and obstructive sleep apnea-hypopnea syndrome.","31196834, 29518851, 30050090, 30220140, 33222029, 29394959, 32842224, 28064432, 32967411, 31998424, 30233849, 29789691, 29055261, 27321086"
What species is associated with Tetrodotoxin?,Puffer fish. The context mentions that intoxications are usually linked to the consumption of the puffer fish.,"Context: Tetrodotoxin is a potent low weight marine toxin found in warm waters,  especially of the Indian and Pacific Oceans. Intoxications are usually linked to  the consumption of the puffer fish, although TTX was already detected in several, Context: was identified as Raoultella terrigena. The TTX production ability of the strain  was confirmed by mouse bioassay, ELISA and mass spectrometry (MALDI-TOF). Our  results reiterate that the TTX found in puffer fish was likely produced by the, Context: gutB01) was isolated from the intestine of the puffer fish and was shown to  produce tetrodotoxin (TTX). Based on the Microbial Identification (MIDI) and  16S-23S rDNA internal transcribed spacer (ITS) phylogenetic analysis, the strain, Context: Tetrodotoxin (TTX) is a low molecular weight (approximately 319 Da) neurotoxin  found in a number of animal species, including pufferfish. Protection from toxin  tainted food stuffs requires rapid, sensitive, and specific diagnostic tests. An","22690139, 22163191, 22163191, 20411115","Tetrodotoxin (TTX) is a low molecular weight (approximately 319 Da) neurotoxin found in a number of animal species, including pufferfish. TTX is originally produced by marine bacteria, and pufferfish are intoxicated through the food chain that starts with the bacteria. TTX is found in warm waters, especially of the Indian and Pacific Oceans. TTX poisoning due to marine snails has recently spread through Japan, China, Taiwan, and Europe.","20637221, 22028709, 24295175, 20411115, 22163191, 20161971, 21734837, 20479966, 22688023, 23724281, 21549050, 22690139, 24279996, 22069694"
Does a selective sweep increase genetic variation?,No.   Selective sweeps are typically associated with a local reduction of genetic diversity around the adaptive site.,"Context: A selective sweep describes the reduction of linked genetic variation due to  strong positive selection. If s is the fitness advantage of a homozygote for the  beneficial allele and h its dominance coefficient, it is usually assumed that, Context: in a sweep and hitchhike with the adaptive allele. We show that the interplay  between mutation and exponential amplification through hitchhiking results in a  characteristic frequency spectrum of the resulting novel haplotype variation, Context: that depends only on the ratio of the mutation rate and the selection  coefficient of the sweep. On the basis of this result, we develop an estimator  for the selection coefficient driving a sweep. Since this estimator utilizes the, Context: Selective sweeps are typically associated with a local reduction of genetic  diversity around the adaptive site. However, selective sweeps can also quickly  carry neutral mutations to observable population frequencies if they arise early","21076829, 22491190, 22491190, 22491190","Selective sweep is a phenomenon in which the fixation of strongly beneficial alleles within a population reduces genetic diversity at partially linked neutral loci. Reduced variation or deviations from neutrality, along with an excess of fixed replacement sites, are indicative of selective sweep.","18346126, 16951057, 21705748, 24126360, 20140188, 21624997, 17396267, 21385389, 16339379, 22491190, 24282552, 24465214, 24075201, 16322515, 21076829, 16367838, 22087274, 20978039, 20352120"
List markers for autophagy.,"p62/SQSTM1, NDP52, Atg32, Parkin, Nix/BNIP3L are some of the markers for autophagy.","Context: Radiosensitivity was analysed using colony formation assays. Western blotting  and co-immunoprecipitation were implemented to detect protein expression and  interaction. MDC staining and GFP-LC3 relocalization were used to detect  autophagy., Context: p62/SQSTM1, NDP52, Atg32, Parkin, and Nix/BNIP3L., Context: mechanism, it can mediate programmed cell death in several conditions.  Autophagy-related genes (ATGs) regulate the autophagy and also control the  crosstalk with autophagy-associated cell death and apoptosis in some condition., Context: responses to viral and bacterial infections. Some viruses encode virulence  factors for blocking autophagy, whereas others utilize some autophagy components  for their intracellular growth or cellular budding. The ""core"" autophagy-related","26269117, 20116986, 28889353, 21175768",Expression of LC3-II and BECN1 as well as SQSTM1 are used as markers of autophagy activity.,"23182945, 23626658, 23598404, 22807527, 24255881, 23117929, 23437259, 24231340, 23940944, 24291536, 23727153, 23737395, 22652752, 23822101, 24141623, 23608825, 23193914, 24126619"
Which package is available for analysing genomic interactions in R/Bioconductor?,Sushi. It's an open-source R Bioconductor package that performs enrichment analyses of trait-associated SNPs in arbitrary genomic intervals with flexible options.,"Context: from common genomic data formats including Browser Extensible Data (BED),  bedGraph and Browser Extensible Data Paired-End (BEDPE). Sushi.R is open source  and made publicly available through GitHub (https://github.com/dphansti/Sushi)  and Bioconductor, Context: SUPPLEMENTARY INFORMATION: Supplementary data are available at Bioinformatics  online., Context: R Bioconductor package that performs enrichment analyses of trait-associated  SNPs in arbitrary genomic intervals with flexible options, including testing  method, type of background and inclusion of SNPs in LD., Context: Bioconductor packages, including those for sequence analysis, differential  expression analysis and visualization.","24903420, 26685307, 26685307, 23950696","r3Cseq is an R/Bioconductor package designed to perform 3C-seq data analysis in a number of different experimental designs. The package reads a common aligned read input format, provides data normalization, allows the visualization of candidate interaction regions and detects statistically significant chromatin interactions, thus greatly facilitating hypothesis generation and the interpretation of experimental results.",23671339
Can a circRNA be translated into protein?,Yes. The context mentions that a specific circRNA is translated into a protein in a splicing-dependent and cap-independent manner.,"Context: with heavy polysomes, and it is translated into a protein in a  splicing-dependent and cap-independent manner, providing an example of a  protein-coding circRNA in eukaryotes., Context: have been suggested to be potential mechanism for circRNA translation. To date,  several translated circRNAs have been uncovered to play pivotal roles in human  cancers. In this review, we introduced the properties and functions of circRNAs,, Context: translated into detectable peptides, which enlightened us on the importance of  circRNAs in cellular physiology function. Internal Ribosome Entry site (IRES)-  and N6-methyladenosines (m6A)-mediated cap-independent translation initiation, Context: Circular RNA (circRNA) is a long non‑coding RNA molecule with a closed loop  structure lacking a 5'cap and 3'tail. circRNA is stable, difficult to cleave and  resistant to RNA exonuclease or RNase R degradation. circRNA molecules have","28344082, 32059672, 32059672, 33650643","Circ-ZNF609 is associated with heavy polysomes, and it is translated into a protein in a splicing-dependent and cap-independent manner, providing an example of a protein-coding circRNA in eukaryotes. Circular RNAs (circRNAs) represent a large class of noncoding RNAs (ncRNAs) that have recently emerged as regulators of gene expression  However, whether circRNAs encode functional proteins remains elusive, although translation of several circRNAs was recently reported","27892769, 29028266, 27255916, 26649774, 28344080, 26874353, 28344082, 27617908, 28903484, 27612318"
"There is no drug available to prevent HIV infection, Pre-exposure prophylaxis (PrEP), yes or no?",No.   There is a drug available for pre-exposure prophylaxis (PrEP) which involves the ongoing use of one or more antiretroviral medications to prevent HIV infection.,"Context: Despite significant efforts, the rate of new HIV infections worldwide remains  unacceptably high, highlighting the need for new HIV prevention strategies. HIV  pre-exposure prophylaxis (PrEP) is a new approach that involves the ongoing use, Context: HIV pre-exposure prophylaxis (PrEP) is the use of one or more antiretroviral  medications (in combination) to prevent HIV infection. The most commonly used  PrEP medication (Truvada® , Gilead Sciences, Inc.) acts by inhibiting HIV-1, Context: coverage and 96% effectiveness) prevents 20% of HIV infections over 10 years but  increases drug resistance prevalence to 6.6%. PrEP alone (30% coverage and 75%  effectiveness) also prevents 21% of infections but with lower resistance, Context: Modern antiretroviral therapy has demonstrated effectiveness in preexposure  prophylaxis (PrEP) and treatment of HIV infection. There is a demand for  prevention and treatment regimens that could overcome challenges of improving","25987851, 28370177, 23570850, 27799824",Pre-exposure prophylaxis (PrEP) with the drug combination Truvada can substantially decrease HIV transmission in individuals at risk.,"28370177, 23570850, 26746652, 25987851, 27177804, 29278542, 28657199, 21799568, 27900502, 23972284"
What is the purpose of HaploReg v4?,To help elucidate protein functions and advance medical treatment.,"Context: variations (SNVs), which were identified in our previous study. Multivariate and  binary logistic regressions were used to calculate the OR and 95%CI for lung  cancer risk. HaploReg V4.1 and Regulome DB were used to understand functional, Context: studies. We present these updates as HaploReg v4, and illustrate a use case of  HaploReg for attention deficit hyperactivity disorder (ADHD)-associated SNPs  with putative brain regulatory mechanisms., Context: epigenomic and regulatory annotations. Since first launching the website in  2011, we have greatly expanded HaploReg, increasing the number of chromatin  state maps to 127 reference epigenomes from ENCODE 2012 and Roadmap Epigenomics,, Context: to help elucidate protein functions and to advance medical treatment. Similarly  to the Human Genome Project (HGP), the HPP chose a chromosome-centric approach,  assigning different chromosomes to different countries. Here we introduce a","27539526, 26657631, 26657631, 22966780","HaploReg v4 enables the systematic mining of putative causal variants, cell types, regulators and target genes for human complex traits and disease.","27539526, 26657631"
Does oncogene-induced DNA replication stress inhibit genomic instability?,No.  Oncogene-induced DNA replication stress is thought to drive genomic instability in cancer.,"Context: Oncogene-induced DNA replication stress is thought to drive genomic instability  in cancer. In particular, replication stress can explain the high prevalence of  focal genomic deletions mapping within very large genes in human tumors., Context: Oncogene-induced DNA replication stress is thought to drive genomic instability  in cancer. In particular, replication stress can explain the high prevalence of  focal genomic deletions mapping within very large genes in human tumors., Context: to explain the number of observed SNSs. Here, we sequenced the exomes of 24,  mostly precancerous, colon polyps. Analysis of the sequences revealed mutations  in the APC, CTNNB1, and BRAF genes as the presumptive cancer-initiating events, Context: mapped more often than expected within very large genes, where focal deletions  in response to DNA replication stress also map. We propose that single-stranded  DNA generated in response to oncogene-induced replication stress compromises the","23204322, 23204322, 23204322, 23204322","No, oncogene-induced DNA replication stress is thought to drive genomic instability.",23204322
Do IEG create a ripple effect of transcription?,"Yes. These results suggest that transcriptional activation has a ripple effect, which may be advantageous for coordinated expression.","Context: their transcription following primary infection or reactivation in the presence  of inhibitors of protein synthesis. This chapter describes an approach to  identify IE genes in a novel herpesvirus genome. Transcription of IE genes is, Context: transcriptional upregulation. These results suggest that transcriptional  activation has a ripple effect, which may be advantageous for coordinated  expression., Context: Acetylation levels of histone H3 and H4 are elevated along with the IEG  induction and neighbouring co-upregulation. Inhibition of the mitogen-activated  protein kinase (MAPK) pathway or the transcription factor SRF suppresses all, Context: transcripts and govern their fate. However, natural IGs manage to maintain  satisfactory expression levels. Different mechanisms by which IGs solve the  problem of mRNA processing and nuclear export are discussed here, along with","15507712, 19160492, 19160492, 22732409",Rapid induction of immediate-early genes (IEGs) in response to growth factor stimulations is accompanied by co-upregulation of their neighbouring genes. Profiling the primary transcripts in the nucleus with whole-genome tiling arrays delineated simultaneous activation of transcription centred on IEGs.,19160492
What is Hemophilic Pseudotumor?,"A rare lesion that is essentially a progressive, slowly expanding, encapsulated hematoma. It affects 1% to 2% of severe hemophiliacs.","Context: Hemophilic pseudotumor is a rare lesion that is essentially a progressive,  slowly expanding, encapsulated hematoma. It is estimated to affect 1% to 2% of  severe hemophiliacs. The majority of hemophilic pseudotumors occur within soft, Context: the abdomen who were successfully treated with tumor resection. On presentation  to our institution, the patients all had signs of giant cystic lesions in  abdomen, and the patients' most outstanding complaints were aggravated abdominal, Context: bleeding during surgery for giant pelvic pseudotumors., Context: hemophilic pseudotumor are presented with a review of the literature.","22677741, 31725667, 32490041, 8938781","Hemophilic Pseudotumor is a rare complication of hemophilia. It  is an encapsulated haematoma in patients with haemophilia  which has a tendency to progress and produce clinical symptoms related to its anatomical location. The lesion most frequently occurs in the long bones, pelvis, small bones of the hands and feet, or rarely in the maxillofacial region.","17721227, 18284939, 25332621, 16296204, 25290383, 17306128, 28211222, 8938781, 29095073, 33083429, 8819627, 28590380, 8246062, 15454768, 26000180, 20460342, 32530103, 32490041, 18799938, 24942018, 18836937, 2093257, 16721483, 27615056, 31970256, 32700372, 20671836, 18092253, 31725667, 23095268, 1395299, 25006951, 25404776, 22677741, 28852852, 15662330, 25629563"
Which eye condition is managed by the athens protocol?,Keratoconus. The Athens Protocol is mentioned as an effective alternative for managing cornea abnormalities and scarring in keratoconic eyes.,"Context: cornea abnormalities and scarring with the Athens Protocol may provide an  effective alternative to other existing surgical or medical options., Context: RESULTS: Fifteen months after the right eye treatment, the right cornea had  improved translucency and was topographically stable with uncorrected distance  visual acuity (UDVA) 20/50 and CDVA 20/40 with refraction +0.50, -2.00 at 5°. We, Context: cornea abnormalities and scarring with the Athens Protocol may provide an  effective alternative to other existing surgical or medical options., Context: superior, inferior, maximum, minimum, mean, midperipheral, and variability data. RESULTS: Group A comprised 175 treated keratoconic eyes (Athens protocol); Group  B, 193 untreated keratoconic eyes; and Group C, 160 healthy eyes. The 1-year","22347790, 22347790, 22347790, 25176050","The athens protocol (transepithelial topography-guided PRK therapeutic remodeling, combined with same-day, collagen cross-linking) was developed for the management of cornea blindness due to severe corneal scarring.","21117539, 22347790, 24893359, 24763473, 25176050"
Is STAT3 transcription factor regulated by mTORC1?,"Yes. We demonstrate that STAT3 promotes the transcription of PTEN by directly binding on the PTEN promoter, which is blocked by either inhibition or knockdown of signal transducer and activation of transcription 3 (STAT3), and we also show that","Context: understood. Here we present evidence for the involvement of STAT3, a known  mTORC1 regulated transcription factor, in this process. We demonstrate that  STAT3 promotes the transcription of PTEN by directly binding on the PTEN, Context: process that is blocked by either inhibition or knockdown of signal transducer  and activation of transcription 3 (STAT3). Furthermore, we demonstrated that  STAT3 is directly phosphorylated by mTORC1 on Ser727 during hypoxia, promoting, Context: HIF-1α degradation remains unaffected. We therefore proposed that mTORC1 drives  HIF-1α synthesis in a multifaceted manner through 4E-BP1/eIF4E, S6K1 and STAT3.  Interestingly, we observed a disconnect between HIF-1α protein levels and VEGF-A, Context: deeply affects gene transcription. Here, we review the connections between  mTORC1 and gene transcription by focusing on its impact in regulating the  activation of specific transcription factors including including STAT3, SREBPs,","22055460, 24931163, 24931163, 23641065","mTORC1 was found to regulate STAT3 activity in, at least, three ways: 1) after induction by IL6, 2) by direct phosphorylation during hypoxia, to promote HIF-1α mRNA transcription, and 3) after activation by excess amino acids, which then positively regulate Notch1 expression through STAT3 activation.","22055460, 23641065, 26026060, 24302004, 24931163"
List symptoms of the Hakim Triad?,"The classic triad consists of gait disturbance, dementia, and urinary incontinence.","Context: triad: (1) homogentisic aciduria (urine blackens on standing when oxidized or  alkalinized); (2) eumelanin-like pigmentation of skin, sclera, cartilages, etc  and (3) degenerative ochronic arthropathies usually in the fourth decade of, Context: subependymal vessels. These findings were compatible with the characteristics of  DVAs. His symptoms improved after the ETV. This case suggested that DVAs within  the aqueduct, despite of their congenital nature, could give rise to, Context: INTRODUCTION: Normal-pressure hydrocephalus (NPH) is a chronic neurological  disorder characterized by enlarged ventricles and a triad of clinical symptoms  affecting gait, cognition, and urinary continence. Salomón Hakim first, Context: one half of patients and, although the least common manifestation, its presence  assists in diagnosis. The classic triad is not seen frequently in its complete  form; therefore, diagnosis is difficult. This is particularly true because","21254745, 31417837, 20568668, 8725591","Triad of Hakim is well known for normal pressure hydrocephalus (NPH) and includes dementia, gait disturbances and urinary incontinence.","23250022, 26222251, 21698923, 31417837, 6583309, 25278622, 21194654"
Is there alternative polyadenylation during zebrafish development?,"Yes. Thousands of unique poly(A) sites appear at locations lacking a typical polyadenylation signal 2 hours post-fertilization in zebrafish, suggesting a wave of widespread cytoplasmic polyadenylation of mRNA degradation intermediates.","Context: underlying cause of RBS, whereas the underlying cause of CdLS is largely modeled  as occurring through defects in transcriptional processes i.e. cis DNA tethering  events. Here, we review recent findings described primarily in zebrafish, paired, Context: highly expressed in the ovary, yet absent in the maternally contributed RNAs of  the embryo, perhaps because their 3' UTRs are too short to accommodate a  uridine-rich motif required for stability of the maternal mRNA. At 2 h, Context: post-fertilization, thousands of unique poly(A) sites appear at locations  lacking a typical polyadenylation signal, which suggests a wave of widespread  cytoplasmic polyadenylation of mRNA degradation intermediates. Our insights into, Context: gnathostome Hox clusters, lamprey Hox clusters are unusually large. Several  conserved noncoding elements (CNEs) were predicted in the Hox clusters of  lamprey, elephant shark, and human. Transgenic zebrafish assay indicated the","28422453, 22722342, 22722342, 24043829",Yes. There is extensive alternative polyadenylation during zebrafish development.,22722342
List genes that have been found mutated in CMT1A (Charcot-Marie-Tooth disease type 1 A).,"PMP22 gene.   The T118M mutation in PMP22 gene is associated with Charcot Marie Tooth, type 1A (CMT1A).","Context: OBJECTIVE: Charcot-Marie Tooth disease (CMT) forms a clinically and genetically  heterogeneous group of disorders. Although a number of disease genes have been  identified for CMT, the gene discovery for some complex form of CMT has lagged, Context: characteristic feature, the clinical phenotype of CMT1A is determined by the  degree of axonal loss, and patients suffer from progressive muscle weakness and  impaired sensation. CMT1A disease manifests within the first two decades of, Context: The T118M mutation in PMP22 gene is associated with Charcot Marie Tooth, type 1A  (CMT1A). CMT1A is a form of Charcot-Marie-Tooth disease, the most common  inherited disorder of the peripheral nervous system. Mutations in CMT related, Context: Charcot-Marie-Tooth (CMT) disease caused by mutations in the GDAP1 gene has been  shown to be inherited via traits that may be either autosomal recessive (in the  majority of cases) [CMT4A] or autosomal dominant [CMT2K]. CMT4A disease is","24198383, 25150498, 25400662, 25337607",PMP22 is the common gene found mutated through a duplication in CMT1A. Other genes are MPZ and SH3TC2,"25519680, 25150498, 25522693, 24819634, 25500726, 25400662, 25430934, 25385046, 25429913"
What are the targets of avapritinib?,Avapritinib selectively inhibits oncogenic KIT and platelet-derived growth factor receptor alpha (PDGFRA) mutants.,"Context: factor receptor alpha (PDGFRA) exon 18 mutation. Mutations in the activation  loop of PDGFRA or KIT confer resistance to conventional TKIs due to structural  changes in the receptor. Avapritinib was developed to selectively target these, Context: Avapritinib is a protein kinase inhibitor designed to selectively inhibit  oncogenic KIT and platelet-derived growth factor receptor alpha (PDGFRA) mutants  by targeting the active conformation of the kinase. On 24 September 2020, a, Context: marketing authorisation valid through the European Union was issued for  avapritinib as treatment of adult patients with unresectable or metastatic  gastrointestinal stromal tumours (GIST) harbouring the PDGFRA D842V mutation., Context: The drug was evaluated in an open-label, phase I, first-in-human,  dose-escalation, open-label study to evaluate the safety, tolerability,  pharmacokinetics, pharmacodynamics, and efficacy of avapritinib in adults with","33025950, 34023541, 34023541, 34023541",Avapritinib is a novel inhibitor of KIT/PDGFRA. It is approved in the U.S. for the treatment of adults with PDGFRA exon 18-mutant unresectable or metastatic gastrointestinal stromal tumors.,"33307872, 29233825, 32972961, 33453089, 32615108, 33465704, 30274985, 34552008, 33301227, 31117741, 32821296, 34580817, 33876372, 34023541, 34343033, 32100250, 33025950"
What is the function of Circular RNA (circRNA)?,Circular RNAs (circRNAs) are involved in many physiological processes as well as the pathogenesis of diseases. They can function in post-transcriptional gene regulation.,"Context: Circular RNAs (circRNAs) are a type of single-stranded RNA molecules that  normally do not encode proteins. circRNAs are involved in many physiological  processes as well as the pathogenesis of diseases. Cardiac fibrosis is, Context: Circular RNAs (circRNAs) are a novel class of regulatory RNAs that despite being  relatively abundant have only recently begun to be explored. There are many  thousands of genes that appear capable of producing circRNAs, however the, Context: Circular RNAs (circRNAs) are found across eukaryotes and can function in  post-transcriptional gene regulation. Their biogenesis through a circle-forming  backsplicing reaction is facilitated by reverse-complementary repetitive, Context: Circular RNAs (circRNAs) are a large type of noncoding RNAs characterized by  their circular shape resulting from covalently closed continuous loops. They are  known to regulate gene expression in mammals. These tissue-specific transcripts","31897908, 30550956, 34542406, 26874353","Circular RNAs (circRNAs) are a class of conserved, endogenous non-coding RNAs that are involved in transcriptional and post-transcriptional gene regulation as well as the pathogenesis of diseases. including cancer","34110722, 28969093, 34699790, 30791568, 28082450, 33065239, 32059672, 33715625, 30550956, 32667692, 33649838, 34296749, 31897908, 31832126, 33835457, 34542406, 29349062, 29387208, 31178190, 27616979, 33537235, 28634583, 31998941, 28018143, 34535136, 34100450, 32018039, 34258296"
Where is X-ray free electron laser used?,"I don't know the answer. The context only mentions the use of x-ray free-electron laser simulation and spectrometer, but does not specify where it is used.","Context: impact of emerging X-ray free-electron laser facilities are speculated upon., Context: We determined the pulse duration of x-ray free electron laser light at 10 keV  using highly resolved single-shot spectra, combined with an x-ray free electron  laser simulation. Spectral profiles, which were measured with a spectrometer, Context: were reduced from 31 to 4.5 fs for the strongest compression condition. The  method, which is readily applicable to evaluate shorter pulse durations,  provides a firm basis for the development of femtosecond to attosecond sciences  in the x-ray region., Context: free-electron laser sources.","20164644, 23083249, 23083249, 16642197","X-ray free electron laser (XFEL) technologies provide coherent and extremely intense photon pulses of short duration. XFELs are particularly useful in structural biology and imaging, in structural studies of single biological macromolecules (e.g. high resolution protein structure determination) and assemblies (e.g. viruses) or nanocrystals, which are not amenable to investigation with traditional crystallographic methods. Moreover, XFELs have the potential to be used for studying enzyme kinetics.","22565760, 23412482, 22575364, 22714377, 22330507, 21190672, 11390993, 23250067, 16642197, 23263128, 22653729, 23396131, 22684196, 20164644, 22181929, 22278059, 22286383, 21500720, 22893239, 22665786, 21293373, 21293374, 22975810, 22852678, 21230665, 21517525, 23003992, 23291355, 23214818, 23196907, 23331310, 23083249, 23281652, 23031030, 22355576, 23031037"
What is holoprosencephaly?,Holoprosencephaly is a brain malformation that develops as a result of a defect in development of prosencephalon during early gestation.,"Context: Holoprosencephaly is a brain malformation that develops as a result of a defect  in development of prosencephalon during early gestation. Holoprosencephaly can  be diagnosed with prenatal ultrasonography and magnetic resonance imaging. We, Context: holoprosencephaly and is important in the counseling of patient and affected  families., Context: intellectual function. In 4 of these 5 individuals, the molecular cause of  holoprosencephaly has been identified and includes mutations affecting SHH,  SIX3, GLI2, and FGF8. This report expands the phenotypic spectrum of, Context: Holoprosencephaly is a rare congenital disorder which results from failure of  cleavage or incomplete differentiation of the forebrain structures at various  levels or to various degrees. Depending on the degree of involvement, it is","27086438, 23112757, 23112757, 28050387","Holoprosencephaly (HPE) is a congenital defect of the brain, median structures, and face resulting from an incomplete cleavage of the primitive brain during early embryogenesis . The most common developmental defect is characterized by inadequate or absent midline division of the forebrain into cerebral hemispheres with concomitant midline facial defects in the majority of cases .","26361024, 6633857, 25590404, 27086438, 25339593, 25218063, 33111505, 29770996, 23112757, 21795094, 15021236, 31528602, 26564444, 8862623"
What is Pseudomelanosis duodeni?,"Pseudomelanosis duodeni is a rare, benign condition of unknown etiology. It is characterized by collection of pigment-laden macrophages in the tips of duodenal villi. The pigment, originally interpreted as melanin,","Context: and related medications. Between 1988 and 1994, the authors saw eight patients  with pseudomelanosis duodeni. To evaluate the nature of the pigments, special  staining was performed in seven cases. Iron stain was strongly positive in three, Context: Pseudomelanosis duodeni is seen endoscopically as dark spots in the duodenal  mucosa and is generally considered to be local deposition of iron from oral iron  intake. However, pseudomelanosis duodeni may be identified histologically even, Context: Pseudomelanosis duodeni is an uncommon endoscopic sign characterized by diffuse  small black spots on the first and second portions of the duodenum. It occurs  predominantly in female and elderly patients and is linked to chronic illnesses, Context: Pseudomelanosis duodeni is a rare, benign condition of unknown etiology. It is  characterized by collection of pigment-laden macrophages in the tips of duodenal  villi. The pigment, originally interpreted as melanin, pseudomelanin,","8527967, 18253910, 8527967, 27785200","Pseudomelanosis duodeni is a rare incidental finding seen on endoscopy and has the characteristic appearance of flat, black-speckled pigmented mucosa that can be associated with gastrointestinal bleeding, hypertension, chronic heart failure, chronic renal failure and consumption of different drugs.","8527967, 3371613, 10998854, 29564071, 31528551, 10532135, 3047212, 28679982, 1341423, 27785200, 9050065, 22493558, 18253910, 10958041, 27701885, 24326430, 32313471"
Which genes are regulated by TRalpha2  in the heart?,I don't know the answer.,"Context: binds the thyroid hormone receptor, a type of nuclear receptor. There are two  major thyroid hormone receptor (TR) isoforms, alfa (TRalpha) and beta (TRbeta).  The activation of the TRalpha is associated with modifications in cardiac, Context: inevitable, concomitant overexpression of TRalpha1. Both TRalpha2 +/- and -/-  mice show a complex phenotype with low levels of free T3 and free T4, and have  inappropriately normal levels of TSH. The thyroid glands exhibit mild, Context: balance of TRalpha1:TRalpha2 expressed from the TRalpha gene provides an  additional level of tuning the control of growth and homeostasis in mammalian  species., Context: hormone availability. Furthermore, TRalpha1 seems to be critical in cardiac  myoblast differentiation.","23926648, 11731613, 11731613, 18622044","ARB1, ARB2, TAK1, p38, TRalpha1","18031713, 15831522, 11731613"
What is the multisystem inflammatory syndrome in children (MIS-C) associated with COVID-19?,A presumed postinfectious inflammatory condition that has emerged as an important COVID-19-associated complication.,"Context: PURPOSE OF REVIEW: Here we summarize current knowledge about multisystem  inflammatory syndrome in children (MIS-C), a presumed postinfectious  inflammatory condition that has emerged as an important COVID-19-associated, Context: share overlapping features with Kawasaki Disease and toxic shock syndrome. METHODS: : A review was conducted to identify literature describing the  epidemiology of MIS-C, published up until March 9, 2021. A database established, Context: vessels leading towards the heart get inflamed and incapable of carrying  adequate blood, hence producing cardiac complications in children hospitalised  with MIS-C. The problem seems to be associated with COVID-19 in children;, Context: However, in rare cases, children could severely be affected, and clinical  manifestations may differ from adults. A multisystem inflammatory syndrome in  children (MIS-C) is a rare but serious complication associated with COVID-19,","33278107, 34880708, 33679227, 33679227","Multisystem inflammatory syndrome in children (MIS-C) is a well described and documented condition that is associated with the active or recent COVID-19 infection. A similar presentation in adults is termed as Multisystem inflammatory syndrome in Adults (MIS-A). Multisystem inflammatory syndrome in children (MIS-C) is a novel, life-threatening hyperinflammatory condition that develops in children a few weeks after infection with severe acute respiratory syndrome coronavirus-2 (SARS-CoV-2). This disease has created a diagnostic challenge due to overlap with Kawasaki disease (KD) and KD shock syndrome. The majority of patients with MIS-C present with the involvement of at least four organ systems, and all have evidence of a marked inflammatory state. Most patients show an increase in the level of at least four inflammatory markers (C-reactive protein, neutrophil count, ferritin, procalcitonin, fibrinogen, interleukin-6, and triglycerides). Therapy is primarily with immunomodulators, suggesting that the disease is driven by post-infectious immune dysregulation. Most patients, even those with severe cardiovascular involvement, recover without sequelae. Since coronary aneurysms have been reported, echocardiographic follow-up is needed.","34107136, 34507521, 33872261, 33743370, 32755212, 34203277, 34509326, 34246424, 34087834, 33841438, 34881206, 34880708, 33190340, 33445833, 33463127, 32923992, 34553691, 32631771, 33011038, 34472807, 32966765, 32946801, 34116467, 33679227"
Has ubrogepant entered clinical phase III trials?,Yes. Ubrogepant has been recently evaluated in phase III clinical trials for clinical efficacy and safety as acute migraine treatments.,"Context: migraine. In December 2019, ubrogepant received its first global approval in the  USA for the acute treatment of migraine (± aura) in adults. This article  summarizes the milestones in the development of ubrogepant leading to its first, Context: EXPERT OPINION: Ubrogepant, a selective CGRP antagonist belonging to the gepants  family, has been evaluated in large short- and long-term Phases 2 and 3 clinical  trials aimed to assess clinical efficacy and safety as acute migraine, Context: the CGRP receptor have been developed as migraine-specific acute medications.  The CGRP receptor antagonist ubrogepant, also known as MK-1602, has been  recently evaluated in phase III clinical trials for clinical efficacy and, Context: for 28 days. Serum ALT (as hepatotoxicity biomarker) and PK data are reported.  Ubrogepant was well-tolerated in both trials, with a low incidence of adverse  events that did not differ greatly from placebo. Changes in mean ALT levels were","32020557, 32011192, 32011192, 31899602","Yes, ubrogepant has entered phase III trials.","32011192, 31758661, 32648856"
List the deadliest viruses in the world.,Ebola virus (EBOV) and Marburg virus (MARV). They have reported case fatality rates of up to 90% in some outbreaks.,"Context: Toro); hantaviruses (Maporal, Dobrava, and Prospect Hill); flaviviruses (yellow  fever and West Nile); enteroviruses (polio- and rhinoviruses); an alphavirus,  Western equine encephalitis virus; a paramyxovirus, respiratory syncytial virus;, Context: The Ebola and Marburg viruses are some of the deadliest viruses in the world. In  this study a series of G-rich DNA sequences derived from these types of viruses  which possess the potential to form G-quadruplex structures are analyzed. A set, Context: of DNA oligonucleotides derived from original viral isolates was used as a  representative modeling sequence with which to demonstrate the influence of  thiazole orange on circular dichroism (CD) spectral profiles. The results show, Context: The filoviruses, Ebola virus (EBOV) and Marburg virus (MARV), are among the  deadliest viruses that cause disease in humans, with reported case fatality  rates of up to 90% in some outbreaks. The high virulence of EBOV and MARV is","24084488, 27979676, 27979676, 27622648","The filoviruses, Ebola virus (EBOV) and Marburg virus (MARV), are among the deadliest viruses that cause disease in humans, with reported case fatality rates of up to 90% in some outbreaks. WHO ranks HIV as one of the deadliest diseases. Influenza virus","20049699, 30252528, 27622648, 27979676, 29425816"
Which interleukin receptors are targeted with rilonacept?,IL-1 receptor.,"Context: ejection fraction. Anakinra also improved outcomes in patients with  pericarditis, and it is now considered standard of care as second-line treatment  for patients with recurrent/refractory pericarditis. Rilonacept, a soluble IL-1, Context: recurrent pericarditis (as assessed on a patient-reported scale) and systemic  inflammation (as shown by an elevated C-reactive protein [CRP] level). Patients  presenting with pericarditis recurrence while receiving standard therapy were, Context: involving patients with recurrent pericarditis. METHODS: We conducted a phase 3 multicenter, double-blind, event-driven,  randomized-withdrawal trial of rilonacept in patients with acute symptoms of, Context: effective in idiopathic recurrent pericarditis with autoinflammatory features.  Currently, available anti-IL-1 agents are anakinra and canakinumab. Rilonacept  is another IL-1 antagonist, currently studied in the phase-3 clinical trial","32324502, 33200890, 33200890, 32562029",Rilonacept inhibits interleukin-1α and interleukin-1β. It has a role for treatment of pericarditis.,"32562029, 32550671, 25549233, 33229362, 32324502, 33200890"
Which are the enzymes involved in the control of tubulin acetylation?,I don't know the answer.,"Context: for various biological processes, such as viral entry, inflammation, immunity,  learning and memory in mammals. Microtubules are subject to various covalent  modifications. One such modification is tubulin acetylation, which is associated, Context: induced tubulin acetylation via αTAT1 activation, which subsequently activated  the migration and invasion of AB cells., Context: inhibited in MEC-17-knockdown cells, but enhanced in MEC-17-overexpressing  cells. Finally, we show that katanin, a microtubule-severing protein with  enhanced activity on acetylated α-tubulin, is actively involved in adipogenesis., Context: in stable microtubules but is absent from dynamic cellular structures such as  neuronal growth cones and the leading edges of fibroblasts. However, the enzymes  responsible for regulating tubulin acetylation and deacetylation are not known.","26227334, 34508164, 23126280, 12024216","Acetyltransferase MEC-17, and deacetylases SIRT2 (Sirtuin 2), HDAC6 (histone deacetylase 6) and dTip60 are known to control the levels of tubulin acetylation.","22972992, 17868033, 20520769, 22700584, 23126280, 17574768, 23798680, 22046262, 21677656, 18697214"
Which company produces Eligard?,Astellas Pharma GmbH,"Context: (32)Eli Lilly and Company, Indianapolis, IN, USA. (33)F. Hoffmann-La Roche Ltd, Basel, Switzerland. (34)Washington University School of Medicine, St. Louis, MO, USA.  batemanr@wustl.edu. (#)Contributed equally, Context: INTRODUCTION: We evaluated the efficacy and tolerability of 3- and 6-month  leuprorelin acetate (LA) depot formulations (Eligard®, Astellas Pharma GmbH) in  patients with advanced prostate cancer treated in routine clinical practice in  Germany., Context: represented a limited set of potentially relevant treatment sequences and  positions for apremilast. The company's base-case results were therefore not a  sufficient basis to inform the most efficient use and position of apremilast., Context: (14)Eli Lilly and Company, Erl Wood Manor, Windlesham GU20 6PH, UK.  csmith@lilly.com. (15)Eli Lilly and Company, Erl Wood Manor, Windlesham GU20 6PH, UK.  gueorguieva_ivelina@lilly.com. (16)Eli Lilly and Company, Erl Wood Manor, Windlesham GU20 6PH, UK.","34155411, 29197875, 27272887, 28481241",Eligard is produced by Astellas Pharma GmbH.,29197875
Are TAMs good anticancer therapeutic targets?,"Yes. Integrating therapeutic strategies to target Tumor-Associated Macrophages (TAMs) has yielded promising results in preclinical trials, complementing conventional therapies and promoting inflammation resolution in cancer.","Context: Integrating therapeutic strategies to target TAMs to complement conventional  therapies has yielded promising results in preclinical trials and warrants  further investigation to determine its translational benefit in human cancer, Context: approach could be envisioned in cancer therapy., Context: progression. From this perspective, recent evidence suggests that stimulating  macrophage's pro-resolving functions using SPMs can promote inflammation  resolution in cancer and improve anticancer treatments. Thus, TAMs' re-education, Context: cancers and have prognostic significance in some. Possible strategies for  targeted inhibition of the TAM family in the treatment of human cancer are  described. Further research will be necessary to evaluate the full clinical","29594035, 34276698, 34276698, 18620092",Therapeutic strategies to target TAMs to complement conventional therapies has yielded promising results.,29594035
Is Growth factor independence 1b (GFI1B) important for hematopoiesis?,Yes. Gfi-1B is a transcriptional repressor essential for erythropoiesis and megakaryopoiesis.,"Context: and Gfi-1B are zinc finger proteins that share highly conserved SNAG and 6 zinc  finger domains. Gfi-1 has been characterized as an oncogene involved in lymphoid  malignancies in mice. In contrast, role of Gfi-1B in hematopoiesis has not been, Context: Growth factor independence-1B (Gfi-1B) is a transcriptional repressor essential  for erythropoiesis and megakaryopoiesis. Targeted gene disruption of GFI1B in  mice leads to embryonic lethality resulting from failure to produce definitive, Context: Growth factor independence 1b (GFI1B) is a DNA binding repressor of  transcription with vital functions in hematopoiesis. Gfi1b-null embryos die at  midgestation very likely due to defects in erythro- and megakaryopoiesis. To, Context: BACKGROUND: Transcription factors play essential roles in both normal and  malignant hematopoiesis. This is the case for the growth factor independent 1b  (GFI1B) transcription factor, which is required for erythroid and megakaryocytic","12351384, 20124515, 24800817, 19773260",Yes. Gfi-1B is a transcriptional repressor essential for the regulation of erythropoiesis and megakaryopoiesis.  Gfi-1b(-/-) embryonic stem cells fail to contribute to red cells of adult chimeras. Gfi-1b(-/-) embryos exhibit delayed maturation of primitive erythrocytes and subsequently die with failure to produce definitive enucleated erythrocytes.,"14530176, 20143233, 22885124, 21732494, 21606163, 12351384, 18224412, 16177182, 22960038, 24800817, 22668850, 22399799, 16397623, 22699452, 15507521, 17095621, 19773260, 11825872, 17707228, 20861919, 19958752, 20826720, 20124515, 23308270, 21170035"
What is measured through the NOMe-Seq methodology?,Accessibility and methylation of DNA.,"Context: well as essential gene studies. We have developed a system for efficient  transposon mutagenesis of P. gingivalis using a modified mariner transposon.  Tn-seq is a technique that allows for quantitative assessment of individual, Context: accessibility from NOMe-seq. The efficiency and effectiveness of CAME were  demonstrated through comparisons with other existing techniques on both  simulated and real data, and the results show that our method not only can, Context: chromatin accessibility from MAPit-BGS and NOMe-seq. RESULTS: In this article, we present CAME (Chromatin Accessibility and  Methylation), a seed-extension based approach that identifies chromatin, Context: interval or incubation period in persons diagnosed with COVID-19 were included  in this study. Heterogeneity across studies was assessed using the I2 and  Higgins test. The NOS adapted for cross-sectional studies was used to evaluate","25636611, 28035030, 28035030, 33706702",We have developed a method (NOMe-seq) that uses a GpC methyltransferase (M.CviPI) and next generation sequencing to generate a high resolution footprint of nucleosome positioning genome-wide using less than 1 million cells while retaining endogenous DNA methylation information from the same DNA strand. DNaseI-seq and NOMe-seq.,"22479200, 25530820, 28222791, 27899623, 28413449, 21835883, 24916973, 25747664, 28653622, 22960375, 28035030, 26484155"
What is known about the Digit Ratio (2D:4D) cancer?,"Digit ratio (2D:4D) has been investigated as a possible marker for cancer predisposition. It could act as an indicator for carcinogenesis. However, no specific information is provided in the context about its relation to cancer.","Context: to carcinogenesis. Digit ratio could act as a possible marker for cancer  predisposition. AIMS: The aim of this study is to investigate the possible correlations between  right hand, left hand and right minus left (R-L) 2D:4D and gastric cancer (GCA), Context: patients with 21-hydroxylase deficiency compared to healthy girls (p=0.000) and  equal 2D/4D ratio for female patients when compared to male controls. Male  patients with 21-hydroxylase deficiency had significantly lower 2D/4D ratio than, Context: BACKGROUND: The ratio of the second to the fourth digit (2D:4D ratio) is a  sexually dimorphic trait established in utero that differs between ethnic  groups. It is associated with prenatal androgen exposure, and studies have, Context: represent an individual predisposition to certain diseases (e.g., breast  cancer). The aim of the present study is to investigate whether there is a link  between digit ratio (2D:4D) and breast cancer in Chinese populations.","23218867, 12441204, 23146972, 24677324","Digit ratio (2D:4D) is associated with gastric cancer, prostate cancer, breast cancer, cervical intraepithelial neoplasia and oral squamous cell carcinoma. 2D:4D was found to be higher in patients diagnosed with gastric cancer and prostate cancer  patients relative to controls. Among prostate cancer patients, 2D:4D shows strong differences between African-Americans and Caucasians; however, it does not correlate with disease severity in men already diagnosed with prostate cancer. However, other authors did not find an association between 2D:4D  and prostate cancer risk.  2D:4D is not associated with testicular germ cell tumors.","12208164, 23131519, 21119657, 24677324, 23154605, 20633006, 23623693, 21445935, 23218867, 12441204, 18203126, 23146972, 22990654, 21730975"
Which IDH inhibitors by Agios Pharmaceuticals have been approved by the FDA?,Enasidenib. It is a selective allosteric inhibitor of the tumor target i.e. IDH2 for Relapsed or Refractory AML.,"Context: Administration for the treatment of relapsed/refractory multiple myeloma.  Carfilzomib belongs to the second generation of drugs, which was approved by the  US FDA in 2012. Currently in the study phase there are four new inhibitors:, Context: Isocitrate dehydrogenase (IDH) is a key enzyme involved in the conversion of  isocitrate to α-ketoglutarate (α-KG) in the tricarboxylic acid (TCA) cycle. IDH  mutation produces a neomorphic enzyme, which can lead to the abnormal, Context: primary or acquired resistance. Clinical trials of IDH inhibitors combined with  hypomethylating agents or standard chemotherapy for the treatment of R/R AML or  newly diagnosed AML, as well as in post hematopoietic stem cell transplantation, Context: which was developed as a first in class, a selective allosteric inhibitor of the  tumor target i.e. IDH2 for Relapsed or Refractory AML. Phase 1/2 clinical trial  of Enasidenib resulted in the overall survival rate of 40.3% with CR of 19.3%.","27259216, 31660152, 31660152, 30360730","Enasidenib and ivosidenib, the IDH2 and IDH1 inhibitors developed by Agios Pharmaceuticals, have been approved by the Food and Drug Administration",31660152
"How is connected ""isolated Non-compaction cardiomyopathy"" with dilated cardiomyopathy?","They are both types of cardiomyopathies. In fact, isolated non-compaction cardiomyopathy was mentioned in the context as a rare type of cardiomyopathy that can manifest similarly to dilated cardiomyopathy, such as systemic embolic events","Context: neurological deficits. CONCLUSION: Isolated ventricular non-compaction is a rare type of  cardiomyopathy. Possible manifestations include systemic embolic events,  arrhythmias and heart failure. Echocardiography is the investigation of choice, Context: OBJECTIVES: We evaluated the role of Cypher/ZASP in the pathogenesis of dilated  cardiomyopathy (DCM) with or without isolated non-compaction of the left  ventricular myocardium (INLVM)., Context: Mutations in the betaMHC (beta-myosin heavy chain), a sarcomeric protein are  responsible for hypertrophic and dilated cardiomyopathy. However, the mechanisms  whereby distinct mutations in the betaMHC gene cause two kinds of cardiomyopathy, Context: BACKGROUND: Isolated non-compaction cardiomyopathy (NCCM) was first described in  1984. This disorder, a primary genetic cardiomyopathy, is now attracting  increased attention. METHOD: The current state of the epidemiology, pathogenesis, pathophysiology,","20333604, 14662268, 17956225, 20386670",Mutations in cardiac beta-myosin heavy chain and alpha-tropomyosin link isolated Non-compaction cardiomyopathy with dilated cardiomyopathy,"23147248, 17947214"
What has happended in the year 0?,I don't know the answer.,"Context: and 2011. The median survival time for live births with full trisomy 18 was 14  days and with full trisomy 13 was 10 days, the 3-month survival was 20% and 18%,  respectively, and the 1-year survival for both syndromes was 8%. The 1-year, Context: hospitals may already institute more robust staffing during this time,  preventing any significant increase in LOS. Multiple factors contribute to long  stays in the ED. While patients seen by residents stay longer in the ED, there, Context: appear to a factor in ED LOS. This has implications as overcrowding and patient  boarding become more of a concern in our increasingly busy EDs. These results  question the need for additional staffing early in the academic year. Teaching, Context: superior, inferior, maximum, minimum, mean, midperipheral, and variability data. RESULTS: Group A comprised 175 treated keratoconic eyes (Athens protocol); Group  B, 193 untreated keratoconic eyes; and Group C, 160 healthy eyes. The 1-year","23949924, 24578770, 24578770, 25176050",Event 0 has happended in the year 0.,
What has happended in the year 1?,The 1-year survival for both trisomy 18 and trisomy 13 was 8%.,"Context: and 2011. The median survival time for live births with full trisomy 18 was 14  days and with full trisomy 13 was 10 days, the 3-month survival was 20% and 18%,  respectively, and the 1-year survival for both syndromes was 8%. The 1-year, Context: rotigotine have been established as effective for up to 6 months in treating  RLS/WED (Level A). The following drugs have been established as probably  effective (Level B) in treating RLS/WED for durations ranging from 1 to 5 years:, Context: review of 61 papers meeting inclusion criteria, and using a modified  evidence-grading scheme. Pregabalin has been established as effective for up to  1 year in treating RLS/WED (Level A evidence). Pramipexole, ropinirole, and, Context: superior, inferior, maximum, minimum, mean, midperipheral, and variability data. RESULTS: Group A comprised 175 treated keratoconic eyes (Athens protocol); Group  B, 193 untreated keratoconic eyes; and Group C, 160 healthy eyes. The 1-year","23949924, 23859128, 23859128, 25176050",Event 1 has happended in the year 1.,
What has happended in the year 2?,I don't know the answer.,"Context: cell differentiation. Pluripotency genes Oct4, Sox2 and Nanog were not impacted  in relation to patterns of H3K27me3 and H3K4me3 and showed no changes in the  rates of transcript down-regulation in response to RA. The most striking changes, Context: review of 61 papers meeting inclusion criteria, and using a modified  evidence-grading scheme. Pregabalin has been established as effective for up to  1 year in treating RLS/WED (Level A evidence). Pramipexole, ropinirole, and, Context: rotigotine have been established as effective for up to 6 months in treating  RLS/WED (Level A). The following drugs have been established as probably  effective (Level B) in treating RLS/WED for durations ranging from 1 to 5 years:, Context: consisted of two parts. In the first part, treating physicians shared their  experiences on current erenumab treatment with regard to patient profiles,  treatment patterns and treatment responses. In the second part, a retrospective","24040281, 23859128, 23859128, 34742252",Event 2 has happended in the year 2.,
What has happended in the year 3?,I don't know the answer.,"Context: several methods for the observation of GFP-tagged MPRs. Photobleaching the  peripheral region of a cell before a time-lapse observation allows us to monitor  TGN-derived transport carriers for longer periods (more than 4min). Events of, Context: Mozart's Sonata for two pianos in D major, K.448 (Mozart K.448), has been shown  to improve mental function, leading to what is known as the Mozart effect. Our  previous work revealed that epileptiform discharges in children with epilepsy, Context: 3.5, and during a flare 7.9 +/- 5.1. CONCLUSION: This is the first large study to report a flare rate (0.46  flares/patient-year of followup) in pSLE. The flare rate was similar to what has, Context: cell differentiation. Pluripotency genes Oct4, Sox2 and Nanog were not impacted  in relation to patterns of H3K27me3 and H3K4me3 and showed no changes in the  rates of transcript down-regulation in response to RA. The most striking changes","22264539, 21292560, 17477466, 24040281",Event 3 has happended in the year 3.,
What has happended in the year 4?,I don't know the answer.,"Context: innumerable flickering dots throughout the visual field, similar to ""TV static.""  Though visual snow was originally described in 1995, there were still fewer than  10 cases in the literature prior to 2014. In the last 4 years, this has grown to, Context: Mozart's Sonata for two pianos in D major, K.448 (Mozart K.448), has been shown  to improve mental function, leading to what is known as the Mozart effect. Our  previous work revealed that epileptiform discharges in children with epilepsy, Context: 3.5, and during a flare 7.9 +/- 5.1. CONCLUSION: This is the first large study to report a flare rate (0.46  flares/patient-year of followup) in pSLE. The flare rate was similar to what has, Context: several methods for the observation of GFP-tagged MPRs. Photobleaching the  peripheral region of a cell before a time-lapse observation allows us to monitor  TGN-derived transport carriers for longer periods (more than 4min). Events of","29934719, 21292560, 17477466, 22264539",Event 4 has happended in the year 4.,
What has happended in the year 5?,I don't know the answer.,"Context: 2005 will be discussed here., Context: rotigotine have been established as effective for up to 6 months in treating  RLS/WED (Level A). The following drugs have been established as probably  effective (Level B) in treating RLS/WED for durations ranging from 1 to 5 years:, Context: been reported in pSLE previously but significantly lower than that reported in  adults with lupus. The average change in the SELENA SLEDAI score with disease  flare is 2 points., Context: several methods for the observation of GFP-tagged MPRs. Photobleaching the  peripheral region of a cell before a time-lapse observation allows us to monitor  TGN-derived transport carriers for longer periods (more than 4min). Events of","17092503, 23859128, 17477466, 22264539",Event 5 has happended in the year 5.,
What has happended in the year 6?,I don't know the answer.,"Context: in healthy subjects and DMD patients. An exploratory categorical covariate  analysis indicated that there was no apparent effect of corticosteroid  administration on DMD disease progression. The population predicted 6MWT began, Context: review of 61 papers meeting inclusion criteria, and using a modified  evidence-grading scheme. Pregabalin has been established as effective for up to  1 year in treating RLS/WED (Level A evidence). Pramipexole, ropinirole, and, Context: Mozart's Sonata for two pianos in D major, K.448 (Mozart K.448), has been shown  to improve mental function, leading to what is known as the Mozart effect. Our  previous work revealed that epileptiform discharges in children with epilepsy, Context: several methods for the observation of GFP-tagged MPRs. Photobleaching the  peripheral region of a cell before a time-lapse observation allows us to monitor  TGN-derived transport carriers for longer periods (more than 4min). Events of","31960231, 23859128, 21292560, 22264539",Event 6 has happended in the year 6.,
What has happended in the year 7?,I don't know the answer.,"Context: that the manuscript met the ICMJE recommendation for biomedical  papers.Submitted: 31. 8. 2017Accepted: 7. 9. 2017., Context: been reported in pSLE previously but significantly lower than that reported in  adults with lupus. The average change in the SELENA SLEDAI score with disease  flare is 2 points., Context: 3.5, and during a flare 7.9 +/- 5.1. CONCLUSION: This is the first large study to report a flare rate (0.46  flares/patient-year of followup) in pSLE. The flare rate was similar to what has, Context: limited improvement compared to best supportive care in second line treatment.  In addition, gemcitabine/cisplatin has been established as an alternative to  methotrexate, vinblastine, doxorubicin, and cisplatin (MVAC). The advent of","29239189, 17477466, 17477466, 29606979",Event 7 has happended in the year 7.,
What has happended in the year 8?,I don't know the answer. The provided context does not mention any specific events or details about the year 8.,"Context: cell differentiation. Pluripotency genes Oct4, Sox2 and Nanog were not impacted  in relation to patterns of H3K27me3 and H3K4me3 and showed no changes in the  rates of transcript down-regulation in response to RA. The most striking changes, Context: hospitals may already institute more robust staffing during this time,  preventing any significant increase in LOS. Multiple factors contribute to long  stays in the ED. While patients seen by residents stay longer in the ED, there, Context: new compounds. For this purpose, data on drug use in 1995 and 2001 assessed at  two reference days per year and per hospital within the drug safety program AMSP  were compared for 10 hospitals that had been participating in both years., Context: several methods for the observation of GFP-tagged MPRs. Photobleaching the  peripheral region of a cell before a time-lapse observation allows us to monitor  TGN-derived transport carriers for longer periods (more than 4min). Events of","24040281, 24578770, 15052512, 22264539",Event 8 has happended in the year 8.,
What has happended in the year 9?,I don't know the answer. The provided context does not mention any specific events or details related to the year 9.,"Context: cell differentiation. Pluripotency genes Oct4, Sox2 and Nanog were not impacted  in relation to patterns of H3K27me3 and H3K4me3 and showed no changes in the  rates of transcript down-regulation in response to RA. The most striking changes, Context: 3.5, and during a flare 7.9 +/- 5.1. CONCLUSION: This is the first large study to report a flare rate (0.46  flares/patient-year of followup) in pSLE. The flare rate was similar to what has, Context: been reported in pSLE previously but significantly lower than that reported in  adults with lupus. The average change in the SELENA SLEDAI score with disease  flare is 2 points., Context: several methods for the observation of GFP-tagged MPRs. Photobleaching the  peripheral region of a cell before a time-lapse observation allows us to monitor  TGN-derived transport carriers for longer periods (more than 4min). Events of","24040281, 17477466, 17477466, 22264539",Event 9 has happended in the year 9.,
What has happended in the year 10?,I don't know the answer.,"Context: with severe and persistent side effects including avolition, apathy and change  of personality. With the introduction of psychopharmacological treatments in the  1950s, the frequency of ablative procedures declined rapidly. The past decade,, Context: transplantation were immunosuppression, the current issue at hand is organ  availability. Approximately 2500 heart transplants are done yearly, but the list  of candidates exceeds 50,000. What is perhaps even more alarming is the fact, Context: that while the number of heart transplants performed in the United States has  dropped every year since 1994, the prevalence of heart failure increases every  year and is predicted to do so into the year 2030. Nevertheless, the last 20, Context: paramyxovirus, a single-stranded RNA virus. The vaccine can provide lifelong  immunity if administered properly, though prior to 1967 and introduction of the  vaccine, the virus was common. In the past decade, there have been several","19137233, 15056065, 15056065, 29110978",Event 10 has happended in the year 10.,
What has happended in the year 11?,I don't know the answer.,"Context: several methods for the observation of GFP-tagged MPRs. Photobleaching the  peripheral region of a cell before a time-lapse observation allows us to monitor  TGN-derived transport carriers for longer periods (more than 4min). Events of, Context: Mozart's Sonata for two pianos in D major, K.448 (Mozart K.448), has been shown  to improve mental function, leading to what is known as the Mozart effect. Our  previous work revealed that epileptiform discharges in children with epilepsy, Context: decreased during and immediately after listening to Mozart K.448. In this study,  we evaluated the long-term effects of Mozart K.448 on children with refractory  epilepsy. Eleven children with refractory epilepsy were enrolled. All of the, Context: cell differentiation. Pluripotency genes Oct4, Sox2 and Nanog were not impacted  in relation to patterns of H3K27me3 and H3K4me3 and showed no changes in the  rates of transcript down-regulation in response to RA. The most striking changes","22264539, 21292560, 21292560, 24040281",Event 11 has happended in the year 11.,
What has happended in the year 12?,I don't know the answer. The provided context does not mention any specific events or details related to the year 12.,"Context: several methods for the observation of GFP-tagged MPRs. Photobleaching the  peripheral region of a cell before a time-lapse observation allows us to monitor  TGN-derived transport carriers for longer periods (more than 4min). Events of, Context: been reported in pSLE previously but significantly lower than that reported in  adults with lupus. The average change in the SELENA SLEDAI score with disease  flare is 2 points., Context: 3.5, and during a flare 7.9 +/- 5.1. CONCLUSION: This is the first large study to report a flare rate (0.46  flares/patient-year of followup) in pSLE. The flare rate was similar to what has, Context: suspended PrEP use at some point. Participants' reasons for an extended break  from PrEP were related to partnership dynamics (e.g., perceived low risk of a  stable partner) and phases of life (e.g., trying to conceive). Life events","22264539, 17477466, 17477466, 27093238",Event 12 has happended in the year 12.,
What has happended in the year 13?,I don't know the answer. The provided context does not mention any specific events or details related to the year 13.,"Context: several methods for the observation of GFP-tagged MPRs. Photobleaching the  peripheral region of a cell before a time-lapse observation allows us to monitor  TGN-derived transport carriers for longer periods (more than 4min). Events of, Context: hospitals may already institute more robust staffing during this time,  preventing any significant increase in LOS. Multiple factors contribute to long  stays in the ED. While patients seen by residents stay longer in the ED, there, Context: BACKGROUND: Cellphone and cordless phone use is very prevalent among early  adolescents, but the extent and types of use is not well documented. This paper  explores how, and to what extent, New Zealand adolescents are typically using, Context: cell differentiation. Pluripotency genes Oct4, Sox2 and Nanog were not impacted  in relation to patterns of H3K27me3 and H3K4me3 and showed no changes in the  rates of transcript down-regulation in response to RA. The most striking changes","22264539, 24578770, 23302218, 24040281",Event 13 has happended in the year 13.,
What has happended in the year 14?,"On day 14, the expressions of TNF-α and IL-1β in the thalidomide treatment group were lower than in the TNBS model group.","Context: other two groups they were already expressed at a significantly higher level on  day 4. On day 7 the expressions of TNF-α and IL-1β in the thalidomide treatment  group were lower than in the TNBS model group. On day 14, the expressions of, Context: 3.5, and during a flare 7.9 +/- 5.1. CONCLUSION: This is the first large study to report a flare rate (0.46  flares/patient-year of followup) in pSLE. The flare rate was similar to what has, Context: or a positive antibody to Smith nuclear antigen at the time of diagnosis had a  significantly higher flare rate than those who did not. The average SELENA  SLEDAI score at presentation was 12.5 +/- 5.4, at the pre-flare visit 6.3 +/-, Context: several methods for the observation of GFP-tagged MPRs. Photobleaching the  peripheral region of a cell before a time-lapse observation allows us to monitor  TGN-derived transport carriers for longer periods (more than 4min). Events of","24931258, 17477466, 17477466, 22264539",Event 14 has happended in the year 14.,
What has happended in the year 15?,I don't know the answer.,"Context: and further in the direction of more densely populated regions. The results  suggest that intensified human migration from endemic villages led to the  emergence of this disease in new communities. Recent social and demographic, Context: 3.5, and during a flare 7.9 +/- 5.1. CONCLUSION: This is the first large study to report a flare rate (0.46  flares/patient-year of followup) in pSLE. The flare rate was similar to what has, Context: epidemiological data and clinical behaviour., Context: cell differentiation. Pluripotency genes Oct4, Sox2 and Nanog were not impacted  in relation to patterns of H3K27me3 and H3K4me3 and showed no changes in the  rates of transcript down-regulation in response to RA. The most striking changes","20010208, 17477466, 15921641, 24040281",Event 15 has happended in the year 15.,
What has happended in the year 16?,I don't know the answer.,"Context: several methods for the observation of GFP-tagged MPRs. Photobleaching the  peripheral region of a cell before a time-lapse observation allows us to monitor  TGN-derived transport carriers for longer periods (more than 4min). Events of, Context: CONCLUSIONS: The immunologic response rate is considerable compared with  previous GV1001 trials without concomitant chemotherapy, although low toxicity  is retained. The results warrant further studies of GV1001/temozolomide, Context: A considerable number of new drugs were introduced over the last few years. In  this report we analyze to what extent they have come to be used in clinical  practice and what changes in drug use have resulted from the availability of the, Context: suspended PrEP use at some point. Participants' reasons for an extended break  from PrEP were related to partnership dynamics (e.g., perceived low risk of a  stable partner) and phases of life (e.g., trying to conceive). Life events","22264539, 21586625, 15052512, 27093238",Event 16 has happended in the year 16.,
What has happended in the year 17?,The manuscript was accepted in the year 2017.,"Context: that the manuscript met the ICMJE recommendation for biomedical  papers.Submitted: 31. 8. 2017Accepted: 7. 9. 2017., Context: conventional Sanger sequencing. Two additional patients with clinical Dravet  syndrome, but without a detectable SCN1A mutation by Sanger sequencing, were  diagnosed with a SCN1A mutation after using a targeted next-generation  sequencing gene panel., Context: 6-year birth cohort from 2004 to 2009, we propose an incidence of 1:22,000,  which is higher than what has been established earlier. We identified 17 cases  with SCN1A mutation-positive Dravet syndrome. Fifteen patients were found, by, Context: several methods for the observation of GFP-tagged MPRs. Photobleaching the  peripheral region of a cell before a time-lapse observation allows us to monitor  TGN-derived transport carriers for longer periods (more than 4min). Events of","29239189, 25778844, 25778844, 22264539",Event 17 has happended in the year 17.,
What has happended in the year 18?,I don't know the answer. The provided context does not mention any specific events that occurred in the year 18.,"Context: several methods for the observation of GFP-tagged MPRs. Photobleaching the  peripheral region of a cell before a time-lapse observation allows us to monitor  TGN-derived transport carriers for longer periods (more than 4min). Events of, Context: hospitals may already institute more robust staffing during this time,  preventing any significant increase in LOS. Multiple factors contribute to long  stays in the ED. While patients seen by residents stay longer in the ED, there, Context: recognition of naturally processed antigens. Survival compared favorably with  matched controls from a benchmark meta-analysis (1 year: 44% vs. 24%, 2 years:  16% vs. 6.6%). The clinical responses developed gradually over years, contrary, Context: evaluated. Aducanumab PK was characterized with a two-compartment model with  first-order elimination. No nonlinearities in PKs were observed. The PopPK-PD  model was developed using a sequential estimation approach. The time course of","22264539, 24578770, 21586625, 34697913",Event 18 has happended in the year 18.,
What has happended in the year 19?,I don't know the answer.,"Context: form, which did undoubtedly reduce the leukocyte count but probably did little  or nothing to prolong life. These early cases were probably examples of chronic  myeloid leukemia (CML) (then called chronic granulocytic leukemia). In the 20th, Context: More than one year since its emergence, corona virus disease 2019 (COVID-19) is  still looming large with a paucity of treatment options. To add to this burden,  a sizeable subset of patients who have recovered from acute COVID-19 infection, Context: have reported lingering symptoms, leading to significant disability and  impairment of their daily life activities. These patients are considered to  suffer from what has been termed as ""chronic"" or ""long"" COVID-19 or a form of, Context: several methods for the observation of GFP-tagged MPRs. Photobleaching the  peripheral region of a cell before a time-lapse observation allows us to monitor  TGN-derived transport carriers for longer periods (more than 4min). Events of","20875546, 34276671, 34276671, 22264539",Event 19 has happended in the year 19.,
